team_id,meeting_id,agenda_item_id,sequencing,accountability,is_critical,junior_critical_turn,decision_revised
1,T1_M1,1,Interleaved,NoPrompt,1,0,0
1,T1_M1,2,Interleaved,NoPrompt,0,0,1
1,T1_M1,3,Interleaved,NoPrompt,0,0,1
1,T1_M1,4,Human_first,NoPrompt,1,0,0
1,T1_M1,5,AI_first,NoPrompt,0,0,0
1,T1_M2,6,Interleaved,NoPrompt,0,0,0
1,T1_M2,7,AI_first,Prompt,1,0,0
1,T1_M2,8,Human_first,NoPrompt,1,0,0
1,T1_M2,9,Human_first,Prompt,0,0,0
1,T1_M2,10,AI_first,NoPrompt,0,1,0
1,T1_M3,11,Human_first,NoPrompt,0,0,0
1,T1_M3,12,Interleaved,NoPrompt,1,1,1
1,T1_M3,13,Human_first,Prompt,1,0,0
1,T1_M3,14,AI_first,NoPrompt,0,0,0
1,T1_M3,15,AI_first,NoPrompt,0,0,0
1,T1_M4,16,AI_first,Prompt,1,0,1
1,T1_M4,17,AI_first,NoPrompt,0,0,0
1,T1_M4,18,Interleaved,Prompt,1,0,0
1,T1_M4,19,AI_first,NoPrompt,1,0,0
1,T1_M4,20,Interleaved,Prompt,1,1,1
1,T1_M5,21,Human_first,Prompt,0,0,1
1,T1_M5,22,Interleaved,Prompt,1,0,0
1,T1_M5,23,Interleaved,Prompt,1,0,0
1,T1_M5,24,Interleaved,Prompt,1,0,0
1,T1_M5,25,Human_first,Prompt,0,0,1
1,T1_M6,26,AI_first,NoPrompt,0,0,1
1,T1_M6,27,Human_first,Prompt,0,0,0
1,T1_M6,28,Human_first,NoPrompt,0,1,1
1,T1_M6,29,Interleaved,NoPrompt,0,0,0
1,T1_M6,30,AI_first,Prompt,0,0,0
1,T1_M7,31,Human_first,Prompt,1,0,0
1,T1_M7,32,Interleaved,NoPrompt,0,0,0
1,T1_M7,33,Human_first,Prompt,0,0,0
1,T1_M7,34,Interleaved,Prompt,0,1,0
1,T1_M7,35,Human_first,NoPrompt,0,0,0
1,T1_M8,36,AI_first,Prompt,1,0,0
1,T1_M8,37,Human_first,NoPrompt,0,0,0
1,T1_M8,38,AI_first,Prompt,1,0,1
1,T1_M8,39,Human_first,Prompt,1,1,0
1,T1_M8,40,Interleaved,NoPrompt,1,1,0
1,T1_M9,41,Interleaved,NoPrompt,0,0,0
1,T1_M9,42,AI_first,Prompt,0,0,1
1,T1_M9,43,Interleaved,NoPrompt,1,0,0
1,T1_M9,44,Human_first,Prompt,0,0,1
1,T1_M9,45,AI_first,NoPrompt,1,1,1
1,T1_M10,46,Interleaved,Prompt,0,0,0
1,T1_M10,47,Interleaved,NoPrompt,1,0,0
1,T1_M10,48,Interleaved,Prompt,0,1,1
1,T1_M10,49,Interleaved,NoPrompt,0,0,0
1,T1_M10,50,Human_first,NoPrompt,0,0,1
1,T1_M11,51,AI_first,NoPrompt,0,0,0
1,T1_M11,52,Interleaved,Prompt,1,0,0
1,T1_M11,53,Interleaved,NoPrompt,0,0,1
1,T1_M11,54,AI_first,Prompt,1,0,1
1,T1_M11,55,Human_first,Prompt,0,0,0
1,T1_M12,56,AI_first,NoPrompt,0,0,0
1,T1_M12,57,AI_first,NoPrompt,1,1,1
1,T1_M12,58,Interleaved,NoPrompt,0,1,0
1,T1_M12,59,AI_first,Prompt,1,1,0
1,T1_M12,60,AI_first,NoPrompt,1,0,0
1,T1_M13,61,AI_first,NoPrompt,1,0,0
1,T1_M13,62,Human_first,NoPrompt,1,0,0
1,T1_M13,63,Human_first,NoPrompt,0,1,0
1,T1_M13,64,Human_first,NoPrompt,0,0,0
1,T1_M13,65,Human_first,Prompt,1,0,0
1,T1_M14,66,AI_first,NoPrompt,1,0,1
1,T1_M14,67,Interleaved,Prompt,0,0,0
1,T1_M14,68,Interleaved,NoPrompt,0,0,1
1,T1_M14,69,Human_first,NoPrompt,1,0,0
1,T1_M14,70,Interleaved,NoPrompt,0,0,1
1,T1_M15,71,AI_first,Prompt,0,0,0
1,T1_M15,72,Interleaved,Prompt,1,1,1
1,T1_M15,73,Human_first,NoPrompt,0,0,0
1,T1_M15,74,Human_first,Prompt,0,0,0
1,T1_M15,75,Interleaved,Prompt,1,0,1
1,T1_M16,76,Interleaved,NoPrompt,0,0,0
1,T1_M16,77,AI_first,Prompt,1,0,0
1,T1_M16,78,AI_first,NoPrompt,1,0,0
1,T1_M16,79,Interleaved,Prompt,0,0,0
1,T1_M16,80,Interleaved,Prompt,0,1,0
1,T1_M17,81,Human_first,NoPrompt,0,0,0
1,T1_M17,82,Human_first,Prompt,0,1,1
1,T1_M17,83,Human_first,NoPrompt,0,0,0
1,T1_M17,84,AI_first,NoPrompt,1,0,0
1,T1_M17,85,Interleaved,NoPrompt,0,0,1
1,T1_M18,86,Human_first,Prompt,1,0,0
1,T1_M18,87,AI_first,NoPrompt,0,1,1
1,T1_M18,88,AI_first,Prompt,0,0,0
1,T1_M18,89,Human_first,Prompt,0,1,0
1,T1_M18,90,Human_first,NoPrompt,0,0,0
1,T1_M19,91,Human_first,Prompt,0,1,0
1,T1_M19,92,AI_first,Prompt,1,0,0
1,T1_M19,93,Interleaved,Prompt,1,0,0
1,T1_M19,94,Interleaved,NoPrompt,0,0,0
1,T1_M19,95,Interleaved,Prompt,0,0,0
1,T1_M20,96,AI_first,NoPrompt,0,0,0
1,T1_M20,97,AI_first,Prompt,1,0,1
1,T1_M20,98,Interleaved,NoPrompt,0,0,0
1,T1_M20,99,AI_first,Prompt,1,0,0
1,T1_M20,100,AI_first,Prompt,1,0,1
2,T2_M1,101,Human_first,Prompt,1,0,0
2,T2_M1,102,AI_first,Prompt,1,1,1
2,T2_M1,103,Human_first,NoPrompt,1,1,0
2,T2_M1,104,Human_first,Prompt,1,1,0
2,T2_M1,105,AI_first,NoPrompt,1,0,0
2,T2_M2,106,AI_first,Prompt,1,0,0
2,T2_M2,107,Interleaved,Prompt,1,0,0
2,T2_M2,108,Human_first,Prompt,0,0,0
2,T2_M2,109,Human_first,NoPrompt,1,1,1
2,T2_M2,110,Interleaved,Prompt,1,0,0
2,T2_M3,111,AI_first,Prompt,1,0,1
2,T2_M3,112,AI_first,NoPrompt,0,0,0
2,T2_M3,113,AI_first,Prompt,1,0,0
2,T2_M3,114,AI_first,NoPrompt,0,0,0
2,T2_M3,115,AI_first,Prompt,1,0,0
2,T2_M4,116,Interleaved,NoPrompt,1,0,0
2,T2_M4,117,AI_first,NoPrompt,0,0,0
2,T2_M4,118,Human_first,NoPrompt,0,1,1
2,T2_M4,119,Human_first,Prompt,0,0,1
2,T2_M4,120,AI_first,Prompt,1,1,1
2,T2_M5,121,AI_first,Prompt,1,0,1
2,T2_M5,122,Interleaved,Prompt,0,0,1
2,T2_M5,123,Human_first,NoPrompt,1,0,0
2,T2_M5,124,AI_first,NoPrompt,1,0,0
2,T2_M5,125,AI_first,Prompt,0,0,0
2,T2_M6,126,AI_first,Prompt,1,1,1
2,T2_M6,127,AI_first,Prompt,1,1,0
2,T2_M6,128,Human_first,Prompt,0,1,1
2,T2_M6,129,Human_first,Prompt,1,1,0
2,T2_M6,130,Interleaved,NoPrompt,0,0,1
2,T2_M7,131,Human_first,NoPrompt,1,1,0
2,T2_M7,132,Interleaved,Prompt,0,0,0
2,T2_M7,133,AI_first,Prompt,1,1,1
2,T2_M7,134,Human_first,NoPrompt,1,0,0
2,T2_M7,135,Interleaved,Prompt,1,0,0
2,T2_M8,136,Interleaved,NoPrompt,0,0,0
2,T2_M8,137,AI_first,NoPrompt,0,0,1
2,T2_M8,138,AI_first,NoPrompt,1,0,0
2,T2_M8,139,Interleaved,NoPrompt,0,0,0
2,T2_M8,140,Interleaved,Prompt,0,0,0
2,T2_M9,141,AI_first,Prompt,1,0,1
2,T2_M9,142,AI_first,NoPrompt,0,0,0
2,T2_M9,143,Human_first,Prompt,0,0,0
2,T2_M9,144,Human_first,NoPrompt,0,0,0
2,T2_M9,145,AI_first,NoPrompt,1,0,0
2,T2_M10,146,Human_first,Prompt,1,0,0
2,T2_M10,147,AI_first,NoPrompt,1,0,0
2,T2_M10,148,Interleaved,NoPrompt,0,0,0
2,T2_M10,149,Human_first,Prompt,0,0,0
2,T2_M10,150,Interleaved,Prompt,1,1,0
2,T2_M11,151,Human_first,NoPrompt,0,0,0
2,T2_M11,152,Interleaved,Prompt,0,0,1
2,T2_M11,153,Human_first,NoPrompt,0,0,0
2,T2_M11,154,AI_first,NoPrompt,0,0,0
2,T2_M11,155,Interleaved,NoPrompt,0,0,0
2,T2_M12,156,Interleaved,NoPrompt,0,0,0
2,T2_M12,157,Human_first,Prompt,0,1,1
2,T2_M12,158,AI_first,Prompt,0,0,0
2,T2_M12,159,Human_first,Prompt,0,1,0
2,T2_M12,160,AI_first,Prompt,0,0,0
2,T2_M13,161,Interleaved,NoPrompt,0,1,1
2,T2_M13,162,Human_first,NoPrompt,0,0,0
2,T2_M13,163,AI_first,NoPrompt,0,0,0
2,T2_M13,164,AI_first,NoPrompt,1,0,0
2,T2_M13,165,AI_first,NoPrompt,0,0,0
2,T2_M14,166,AI_first,NoPrompt,0,0,0
2,T2_M14,167,AI_first,NoPrompt,0,0,0
2,T2_M14,168,Human_first,Prompt,1,0,0
2,T2_M14,169,AI_first,Prompt,0,0,0
2,T2_M14,170,Interleaved,NoPrompt,0,1,1
2,T2_M15,171,Human_first,NoPrompt,1,1,0
2,T2_M15,172,Interleaved,Prompt,1,1,0
2,T2_M15,173,AI_first,NoPrompt,1,0,1
2,T2_M15,174,Interleaved,Prompt,0,0,0
2,T2_M15,175,Human_first,NoPrompt,0,0,0
2,T2_M16,176,Interleaved,NoPrompt,0,0,0
2,T2_M16,177,Interleaved,Prompt,0,0,1
2,T2_M16,178,Interleaved,NoPrompt,0,1,1
2,T2_M16,179,Interleaved,NoPrompt,1,0,0
2,T2_M16,180,Interleaved,Prompt,1,0,1
2,T2_M17,181,AI_first,NoPrompt,1,0,1
2,T2_M17,182,AI_first,NoPrompt,0,0,0
2,T2_M17,183,Human_first,Prompt,0,0,0
2,T2_M17,184,AI_first,NoPrompt,1,0,0
2,T2_M17,185,AI_first,Prompt,0,1,0
2,T2_M18,186,Interleaved,Prompt,0,1,1
2,T2_M18,187,Interleaved,NoPrompt,1,0,0
2,T2_M18,188,Interleaved,NoPrompt,1,0,0
2,T2_M18,189,Human_first,NoPrompt,1,0,1
2,T2_M18,190,AI_first,NoPrompt,0,0,1
2,T2_M19,191,Interleaved,NoPrompt,0,0,0
2,T2_M19,192,AI_first,NoPrompt,1,0,0
2,T2_M19,193,Human_first,NoPrompt,0,1,0
2,T2_M19,194,Human_first,Prompt,0,1,0
2,T2_M19,195,AI_first,Prompt,0,1,1
2,T2_M20,196,Interleaved,Prompt,0,1,1
2,T2_M20,197,Interleaved,NoPrompt,0,1,1
2,T2_M20,198,Interleaved,NoPrompt,1,0,0
2,T2_M20,199,Human_first,Prompt,1,0,0
2,T2_M20,200,Human_first,NoPrompt,0,0,0
3,T3_M1,201,AI_first,Prompt,0,1,0
3,T3_M1,202,AI_first,Prompt,0,0,0
3,T3_M1,203,Interleaved,NoPrompt,1,0,0
3,T3_M1,204,AI_first,Prompt,0,0,0
3,T3_M1,205,Human_first,Prompt,0,0,0
3,T3_M2,206,Human_first,NoPrompt,0,0,0
3,T3_M2,207,AI_first,Prompt,1,0,0
3,T3_M2,208,Human_first,NoPrompt,0,0,0
3,T3_M2,209,Human_first,Prompt,1,0,0
3,T3_M2,210,Interleaved,Prompt,0,0,0
3,T3_M3,211,AI_first,Prompt,1,0,0
3,T3_M3,212,Interleaved,NoPrompt,1,0,1
3,T3_M3,213,AI_first,NoPrompt,0,0,1
3,T3_M3,214,Interleaved,NoPrompt,0,0,0
3,T3_M3,215,AI_first,Prompt,0,0,1
3,T3_M4,216,Interleaved,Prompt,0,0,0
3,T3_M4,217,Interleaved,Prompt,0,0,0
3,T3_M4,218,Human_first,Prompt,0,0,1
3,T3_M4,219,Human_first,NoPrompt,0,1,0
3,T3_M4,220,Human_first,Prompt,1,0,0
3,T3_M5,221,Human_first,Prompt,0,1,0
3,T3_M5,222,Human_first,NoPrompt,1,1,0
3,T3_M5,223,AI_first,NoPrompt,0,0,1
3,T3_M5,224,AI_first,NoPrompt,0,0,0
3,T3_M5,225,AI_first,NoPrompt,1,0,0
3,T3_M6,226,AI_first,Prompt,1,1,1
3,T3_M6,227,AI_first,Prompt,0,0,1
3,T3_M6,228,AI_first,NoPrompt,1,0,0
3,T3_M6,229,Human_first,Prompt,0,0,1
3,T3_M6,230,AI_first,Prompt,1,0,1
3,T3_M7,231,Interleaved,Prompt,1,1,0
3,T3_M7,232,Human_first,NoPrompt,1,0,0
3,T3_M7,233,Interleaved,Prompt,1,1,1
3,T3_M7,234,Interleaved,NoPrompt,1,0,0
3,T3_M7,235,AI_first,Prompt,0,0,0
3,T3_M8,236,Interleaved,Prompt,1,1,1
3,T3_M8,237,Human_first,NoPrompt,0,0,0
3,T3_M8,238,Interleaved,Prompt,0,1,0
3,T3_M8,239,Interleaved,NoPrompt,0,1,1
3,T3_M8,240,AI_first,Prompt,1,0,1
3,T3_M9,241,AI_first,NoPrompt,0,0,1
3,T3_M9,242,AI_first,NoPrompt,0,0,1
3,T3_M9,243,Interleaved,NoPrompt,0,1,0
3,T3_M9,244,AI_first,Prompt,0,1,1
3,T3_M9,245,Interleaved,Prompt,0,1,1
3,T3_M10,246,Human_first,Prompt,1,0,0
3,T3_M10,247,Interleaved,NoPrompt,0,0,0
3,T3_M10,248,Human_first,Prompt,0,0,1
3,T3_M10,249,AI_first,NoPrompt,0,0,1
3,T3_M10,250,Human_first,NoPrompt,0,0,1
3,T3_M11,251,Human_first,Prompt,1,0,1
3,T3_M11,252,Interleaved,Prompt,1,0,1
3,T3_M11,253,AI_first,NoPrompt,0,0,1
3,T3_M11,254,Interleaved,Prompt,1,0,0
3,T3_M11,255,AI_first,Prompt,0,0,0
3,T3_M12,256,Human_first,NoPrompt,0,0,0
3,T3_M12,257,AI_first,Prompt,1,0,0
3,T3_M12,258,Interleaved,NoPrompt,1,0,0
3,T3_M12,259,Interleaved,NoPrompt,1,0,1
3,T3_M12,260,Human_first,Prompt,1,0,0
3,T3_M13,261,AI_first,Prompt,0,1,0
3,T3_M13,262,Interleaved,NoPrompt,0,0,1
3,T3_M13,263,Human_first,Prompt,0,1,1
3,T3_M13,264,Interleaved,NoPrompt,1,0,0
3,T3_M13,265,Human_first,NoPrompt,1,0,1
3,T3_M14,266,Human_first,Prompt,0,0,0
3,T3_M14,267,Human_first,Prompt,0,1,0
3,T3_M14,268,AI_first,Prompt,0,1,0
3,T3_M14,269,Interleaved,NoPrompt,1,0,0
3,T3_M14,270,Interleaved,NoPrompt,0,0,0
3,T3_M15,271,Human_first,Prompt,0,1,0
3,T3_M15,272,AI_first,NoPrompt,0,0,0
3,T3_M15,273,Human_first,Prompt,0,1,1
3,T3_M15,274,AI_first,Prompt,1,1,1
3,T3_M15,275,AI_first,Prompt,1,1,1
3,T3_M16,276,AI_first,Prompt,1,0,1
3,T3_M16,277,Interleaved,Prompt,1,1,0
3,T3_M16,278,Interleaved,NoPrompt,0,0,0
3,T3_M16,279,Interleaved,NoPrompt,1,1,0
3,T3_M16,280,Interleaved,NoPrompt,0,0,1
3,T3_M17,281,AI_first,NoPrompt,0,0,0
3,T3_M17,282,Interleaved,NoPrompt,0,0,0
3,T3_M17,283,Human_first,Prompt,0,0,1
3,T3_M17,284,Human_first,NoPrompt,0,1,1
3,T3_M17,285,AI_first,NoPrompt,0,0,0
3,T3_M18,286,Human_first,NoPrompt,0,1,1
3,T3_M18,287,AI_first,NoPrompt,1,0,1
3,T3_M18,288,Interleaved,Prompt,0,0,0
3,T3_M18,289,Interleaved,Prompt,1,0,0
3,T3_M18,290,AI_first,NoPrompt,0,0,0
3,T3_M19,291,Interleaved,Prompt,1,0,0
3,T3_M19,292,Human_first,NoPrompt,1,0,1
3,T3_M19,293,AI_first,Prompt,1,1,1
3,T3_M19,294,Interleaved,Prompt,0,0,0
3,T3_M19,295,Human_first,Prompt,1,0,1
3,T3_M20,296,Human_first,Prompt,0,0,0
3,T3_M20,297,AI_first,Prompt,0,0,0
3,T3_M20,298,Human_first,NoPrompt,0,1,0
3,T3_M20,299,Human_first,Prompt,0,0,0
3,T3_M20,300,Interleaved,Prompt,1,0,0
4,T4_M1,301,AI_first,NoPrompt,0,0,0
4,T4_M1,302,Interleaved,NoPrompt,0,0,0
4,T4_M1,303,Human_first,NoPrompt,1,0,0
4,T4_M1,304,AI_first,Prompt,1,1,1
4,T4_M1,305,Interleaved,NoPrompt,0,0,0
4,T4_M2,306,Interleaved,NoPrompt,0,0,0
4,T4_M2,307,Human_first,NoPrompt,0,0,1
4,T4_M2,308,Human_first,Prompt,1,0,0
4,T4_M2,309,Human_first,Prompt,0,1,1
4,T4_M2,310,Human_first,Prompt,1,1,0
4,T4_M3,311,Interleaved,NoPrompt,0,0,0
4,T4_M3,312,AI_first,NoPrompt,1,1,1
4,T4_M3,313,Human_first,Prompt,1,0,1
4,T4_M3,314,Human_first,NoPrompt,1,0,0
4,T4_M3,315,Human_first,NoPrompt,0,0,0
4,T4_M4,316,AI_first,Prompt,1,0,1
4,T4_M4,317,AI_first,NoPrompt,1,0,0
4,T4_M4,318,Human_first,NoPrompt,1,0,1
4,T4_M4,319,AI_first,Prompt,1,0,0
4,T4_M4,320,AI_first,NoPrompt,0,0,0
4,T4_M5,321,Human_first,Prompt,1,1,0
4,T4_M5,322,Human_first,NoPrompt,0,0,0
4,T4_M5,323,AI_first,NoPrompt,0,0,0
4,T4_M5,324,Interleaved,NoPrompt,1,0,1
4,T4_M5,325,Human_first,NoPrompt,0,0,0
4,T4_M6,326,AI_first,Prompt,0,1,0
4,T4_M6,327,Human_first,Prompt,1,0,0
4,T4_M6,328,AI_first,Prompt,0,0,0
4,T4_M6,329,AI_first,Prompt,0,0,0
4,T4_M6,330,Interleaved,NoPrompt,1,0,0
4,T4_M7,331,Interleaved,Prompt,0,0,0
4,T4_M7,332,AI_first,Prompt,0,0,0
4,T4_M7,333,Human_first,NoPrompt,0,0,1
4,T4_M7,334,AI_first,Prompt,0,0,0
4,T4_M7,335,Human_first,NoPrompt,0,0,0
4,T4_M8,336,AI_first,Prompt,1,1,1
4,T4_M8,337,Interleaved,NoPrompt,0,0,0
4,T4_M8,338,Human_first,Prompt,0,1,0
4,T4_M8,339,Interleaved,Prompt,0,1,0
4,T4_M8,340,AI_first,Prompt,0,0,1
4,T4_M9,341,Interleaved,Prompt,0,0,1
4,T4_M9,342,Interleaved,Prompt,0,0,0
4,T4_M9,343,Human_first,NoPrompt,0,0,0
4,T4_M9,344,Human_first,NoPrompt,1,0,0
4,T4_M9,345,Interleaved,NoPrompt,0,0,1
4,T4_M10,346,Interleaved,NoPrompt,1,1,0
4,T4_M10,347,Human_first,NoPrompt,0,1,1
4,T4_M10,348,AI_first,NoPrompt,0,0,1
4,T4_M10,349,AI_first,Prompt,1,1,1
4,T4_M10,350,AI_first,NoPrompt,0,0,0
4,T4_M11,351,Interleaved,Prompt,1,1,1
4,T4_M11,352,AI_first,Prompt,0,0,0
4,T4_M11,353,Human_first,NoPrompt,1,0,1
4,T4_M11,354,AI_first,Prompt,0,1,0
4,T4_M11,355,Human_first,NoPrompt,1,0,0
4,T4_M12,356,Human_first,Prompt,0,0,0
4,T4_M12,357,AI_first,Prompt,0,0,0
4,T4_M12,358,Interleaved,Prompt,0,0,1
4,T4_M12,359,AI_first,Prompt,0,1,1
4,T4_M12,360,AI_first,Prompt,0,0,0
4,T4_M13,361,AI_first,Prompt,0,0,1
4,T4_M13,362,Human_first,NoPrompt,1,1,0
4,T4_M13,363,Interleaved,Prompt,0,0,1
4,T4_M13,364,AI_first,NoPrompt,1,0,1
4,T4_M13,365,Human_first,Prompt,0,0,0
4,T4_M14,366,Human_first,Prompt,1,0,0
4,T4_M14,367,Human_first,NoPrompt,1,0,1
4,T4_M14,368,Human_first,Prompt,0,0,1
4,T4_M14,369,Interleaved,Prompt,0,0,1
4,T4_M14,370,AI_first,NoPrompt,1,0,0
4,T4_M15,371,Human_first,Prompt,0,0,0
4,T4_M15,372,AI_first,Prompt,1,0,0
4,T4_M15,373,Human_first,Prompt,1,0,0
4,T4_M15,374,Human_first,NoPrompt,1,0,0
4,T4_M15,375,Human_first,NoPrompt,1,0,0
4,T4_M16,376,Human_first,Prompt,1,0,0
4,T4_M16,377,Interleaved,Prompt,1,1,0
4,T4_M16,378,AI_first,NoPrompt,0,0,0
4,T4_M16,379,Interleaved,NoPrompt,0,0,0
4,T4_M16,380,AI_first,NoPrompt,0,0,0
4,T4_M17,381,Human_first,NoPrompt,0,0,0
4,T4_M17,382,Human_first,Prompt,1,0,1
4,T4_M17,383,AI_first,NoPrompt,0,0,0
4,T4_M17,384,AI_first,NoPrompt,0,0,0
4,T4_M17,385,AI_first,Prompt,1,0,0
4,T4_M18,386,AI_first,NoPrompt,1,0,0
4,T4_M18,387,AI_first,NoPrompt,0,0,1
4,T4_M18,388,Human_first,NoPrompt,0,0,0
4,T4_M18,389,Human_first,NoPrompt,0,1,1
4,T4_M18,390,Interleaved,Prompt,0,0,0
4,T4_M19,391,Interleaved,NoPrompt,0,0,1
4,T4_M19,392,Interleaved,NoPrompt,0,0,1
4,T4_M19,393,Human_first,Prompt,1,1,0
4,T4_M19,394,Human_first,Prompt,0,0,1
4,T4_M19,395,AI_first,Prompt,1,1,1
4,T4_M20,396,Human_first,NoPrompt,0,0,0
4,T4_M20,397,AI_first,NoPrompt,1,0,0
4,T4_M20,398,Human_first,Prompt,1,1,0
4,T4_M20,399,Human_first,Prompt,0,0,0
4,T4_M20,400,Interleaved,Prompt,0,1,0
5,T5_M1,401,Human_first,NoPrompt,1,0,0
5,T5_M1,402,Human_first,Prompt,0,0,0
5,T5_M1,403,Interleaved,NoPrompt,1,0,1
5,T5_M1,404,Human_first,Prompt,0,0,0
5,T5_M1,405,AI_first,NoPrompt,1,0,0
5,T5_M2,406,Interleaved,Prompt,1,1,0
5,T5_M2,407,AI_first,NoPrompt,0,0,0
5,T5_M2,408,AI_first,Prompt,0,0,0
5,T5_M2,409,Human_first,NoPrompt,0,0,0
5,T5_M2,410,Interleaved,Prompt,0,1,0
5,T5_M3,411,Human_first,NoPrompt,1,0,0
5,T5_M3,412,AI_first,Prompt,0,0,0
5,T5_M3,413,Human_first,NoPrompt,0,0,0
5,T5_M3,414,Interleaved,NoPrompt,1,0,0
5,T5_M3,415,Human_first,Prompt,1,1,0
5,T5_M4,416,AI_first,Prompt,0,0,1
5,T5_M4,417,AI_first,Prompt,1,0,0
5,T5_M4,418,Interleaved,Prompt,0,0,1
5,T5_M4,419,Human_first,NoPrompt,0,0,0
5,T5_M4,420,Human_first,Prompt,1,1,1
5,T5_M5,421,AI_first,Prompt,0,0,0
5,T5_M5,422,Interleaved,Prompt,0,0,0
5,T5_M5,423,Human_first,NoPrompt,1,0,1
5,T5_M5,424,Human_first,Prompt,1,0,0
5,T5_M5,425,AI_first,Prompt,1,0,0
5,T5_M6,426,Human_first,NoPrompt,0,1,0
5,T5_M6,427,Interleaved,Prompt,1,1,1
5,T5_M6,428,Interleaved,Prompt,0,0,0
5,T5_M6,429,AI_first,Prompt,1,0,0
5,T5_M6,430,Interleaved,Prompt,0,0,0
5,T5_M7,431,AI_first,NoPrompt,1,0,0
5,T5_M7,432,Interleaved,NoPrompt,1,0,0
5,T5_M7,433,Interleaved,NoPrompt,0,0,1
5,T5_M7,434,Human_first,NoPrompt,0,0,1
5,T5_M7,435,AI_first,Prompt,0,0,0
5,T5_M8,436,Human_first,NoPrompt,1,0,0
5,T5_M8,437,Human_first,Prompt,1,1,0
5,T5_M8,438,Human_first,NoPrompt,0,1,0
5,T5_M8,439,Human_first,Prompt,0,0,0
5,T5_M8,440,AI_first,Prompt,0,0,0
5,T5_M9,441,Human_first,NoPrompt,0,1,1
5,T5_M9,442,Interleaved,NoPrompt,0,1,1
5,T5_M9,443,Human_first,Prompt,1,0,0
5,T5_M9,444,AI_first,Prompt,0,1,1
5,T5_M9,445,Human_first,Prompt,0,0,0
5,T5_M10,446,Human_first,Prompt,0,0,0
5,T5_M10,447,Human_first,Prompt,1,0,1
5,T5_M10,448,Interleaved,Prompt,0,0,0
5,T5_M10,449,AI_first,Prompt,1,0,0
5,T5_M10,450,Interleaved,Prompt,0,0,1
5,T5_M11,451,AI_first,Prompt,0,0,1
5,T5_M11,452,AI_first,Prompt,1,0,0
5,T5_M11,453,Human_first,NoPrompt,0,0,0
5,T5_M11,454,Interleaved,Prompt,0,0,1
5,T5_M11,455,Human_first,NoPrompt,1,0,0
5,T5_M12,456,Human_first,Prompt,1,0,0
5,T5_M12,457,Interleaved,Prompt,0,1,1
5,T5_M12,458,Interleaved,Prompt,1,1,0
5,T5_M12,459,Human_first,Prompt,1,0,0
5,T5_M12,460,Human_first,NoPrompt,0,0,0
5,T5_M13,461,AI_first,Prompt,1,0,0
5,T5_M13,462,AI_first,NoPrompt,0,0,0
5,T5_M13,463,Human_first,NoPrompt,1,0,1
5,T5_M13,464,AI_first,Prompt,0,0,0
5,T5_M13,465,Human_first,NoPrompt,1,1,0
5,T5_M14,466,AI_first,NoPrompt,0,0,0
5,T5_M14,467,Interleaved,NoPrompt,0,1,1
5,T5_M14,468,AI_first,NoPrompt,0,0,0
5,T5_M14,469,Interleaved,Prompt,1,1,1
5,T5_M14,470,Interleaved,Prompt,1,0,0
5,T5_M15,471,Human_first,NoPrompt,0,0,0
5,T5_M15,472,Human_first,Prompt,1,1,1
5,T5_M15,473,Interleaved,NoPrompt,1,0,0
5,T5_M15,474,AI_first,NoPrompt,1,0,0
5,T5_M15,475,Human_first,NoPrompt,0,0,0
5,T5_M16,476,AI_first,NoPrompt,1,0,0
5,T5_M16,477,AI_first,Prompt,1,0,0
5,T5_M16,478,Human_first,NoPrompt,0,0,0
5,T5_M16,479,Human_first,NoPrompt,1,0,0
5,T5_M16,480,AI_first,Prompt,0,0,1
5,T5_M17,481,Interleaved,NoPrompt,1,0,0
5,T5_M17,482,Human_first,Prompt,1,0,0
5,T5_M17,483,Interleaved,NoPrompt,0,1,0
5,T5_M17,484,Human_first,NoPrompt,1,0,0
5,T5_M17,485,AI_first,NoPrompt,0,0,0
5,T5_M18,486,AI_first,Prompt,0,1,1
5,T5_M18,487,AI_first,Prompt,0,1,0
5,T5_M18,488,AI_first,Prompt,1,0,1
5,T5_M18,489,AI_first,NoPrompt,0,0,1
5,T5_M18,490,AI_first,Prompt,1,0,1
5,T5_M19,491,Human_first,Prompt,0,1,0
5,T5_M19,492,Human_first,NoPrompt,1,0,0
5,T5_M19,493,Interleaved,NoPrompt,0,0,1
5,T5_M19,494,Interleaved,Prompt,0,0,1
5,T5_M19,495,Human_first,Prompt,1,1,0
5,T5_M20,496,AI_first,Prompt,1,1,0
5,T5_M20,497,AI_first,NoPrompt,1,0,0
5,T5_M20,498,AI_first,NoPrompt,0,1,0
5,T5_M20,499,Interleaved,NoPrompt,0,0,0
5,T5_M20,500,Interleaved,Prompt,0,0,0
6,T6_M1,501,AI_first,NoPrompt,0,0,0
6,T6_M1,502,Interleaved,NoPrompt,1,0,0
6,T6_M1,503,Human_first,NoPrompt,0,0,0
6,T6_M1,504,Interleaved,NoPrompt,0,0,0
6,T6_M1,505,Interleaved,NoPrompt,0,0,1
6,T6_M2,506,AI_first,NoPrompt,1,1,1
6,T6_M2,507,AI_first,NoPrompt,1,0,1
6,T6_M2,508,AI_first,Prompt,0,1,0
6,T6_M2,509,Human_first,NoPrompt,0,0,0
6,T6_M2,510,AI_first,Prompt,0,1,1
6,T6_M3,511,Human_first,NoPrompt,1,0,1
6,T6_M3,512,Human_first,NoPrompt,0,1,1
6,T6_M3,513,Human_first,Prompt,1,0,0
6,T6_M3,514,Human_first,Prompt,1,0,0
6,T6_M3,515,Human_first,NoPrompt,1,0,1
6,T6_M4,516,Interleaved,Prompt,0,0,0
6,T6_M4,517,Human_first,Prompt,1,0,1
6,T6_M4,518,Interleaved,Prompt,0,1,0
6,T6_M4,519,Interleaved,Prompt,0,1,1
6,T6_M4,520,Interleaved,Prompt,0,0,1
6,T6_M5,521,Interleaved,NoPrompt,0,0,1
6,T6_M5,522,AI_first,NoPrompt,1,1,0
6,T6_M5,523,AI_first,Prompt,0,1,1
6,T6_M5,524,Human_first,Prompt,0,0,0
6,T6_M5,525,Human_first,NoPrompt,0,0,0
6,T6_M6,526,Interleaved,NoPrompt,1,0,0
6,T6_M6,527,Human_first,NoPrompt,1,0,0
6,T6_M6,528,Human_first,Prompt,1,1,1
6,T6_M6,529,AI_first,Prompt,1,0,0
6,T6_M6,530,AI_first,NoPrompt,1,0,0
6,T6_M7,531,AI_first,Prompt,0,0,0
6,T6_M7,532,AI_first,NoPrompt,0,0,0
6,T6_M7,533,AI_first,Prompt,1,0,0
6,T6_M7,534,Human_first,Prompt,0,0,1
6,T6_M7,535,Interleaved,Prompt,0,1,0
6,T6_M8,536,Interleaved,Prompt,1,1,0
6,T6_M8,537,AI_first,NoPrompt,1,0,0
6,T6_M8,538,AI_first,Prompt,1,0,1
6,T6_M8,539,AI_first,NoPrompt,0,0,0
6,T6_M8,540,Human_first,Prompt,0,0,0
6,T6_M9,541,Human_first,NoPrompt,1,0,1
6,T6_M9,542,Interleaved,NoPrompt,1,0,0
6,T6_M9,543,AI_first,Prompt,1,1,1
6,T6_M9,544,Interleaved,Prompt,0,0,0
6,T6_M9,545,AI_first,NoPrompt,0,0,0
6,T6_M10,546,Interleaved,NoPrompt,0,0,0
6,T6_M10,547,Interleaved,NoPrompt,0,0,0
6,T6_M10,548,AI_first,Prompt,0,1,0
6,T6_M10,549,Interleaved,NoPrompt,0,0,1
6,T6_M10,550,AI_first,NoPrompt,0,0,1
6,T6_M11,551,AI_first,NoPrompt,0,0,0
6,T6_M11,552,Interleaved,Prompt,0,1,0
6,T6_M11,553,Interleaved,NoPrompt,1,0,0
6,T6_M11,554,AI_first,NoPrompt,0,0,1
6,T6_M11,555,AI_first,Prompt,1,0,1
6,T6_M12,556,Interleaved,NoPrompt,1,0,0
6,T6_M12,557,Interleaved,NoPrompt,0,0,0
6,T6_M12,558,Human_first,NoPrompt,0,0,0
6,T6_M12,559,Human_first,Prompt,0,0,1
6,T6_M12,560,AI_first,NoPrompt,0,0,1
6,T6_M13,561,Interleaved,Prompt,1,0,0
6,T6_M13,562,Human_first,NoPrompt,1,1,1
6,T6_M13,563,Interleaved,NoPrompt,1,0,0
6,T6_M13,564,Interleaved,NoPrompt,1,1,1
6,T6_M13,565,Interleaved,Prompt,0,0,0
6,T6_M14,566,AI_first,NoPrompt,0,0,0
6,T6_M14,567,AI_first,NoPrompt,1,0,0
6,T6_M14,568,Interleaved,Prompt,0,0,1
6,T6_M14,569,Human_first,NoPrompt,1,1,1
6,T6_M14,570,Interleaved,Prompt,0,0,0
6,T6_M15,571,AI_first,NoPrompt,1,0,0
6,T6_M15,572,AI_first,Prompt,0,1,0
6,T6_M15,573,Interleaved,Prompt,0,0,0
6,T6_M15,574,Interleaved,Prompt,1,0,0
6,T6_M15,575,AI_first,NoPrompt,0,0,1
6,T6_M16,576,AI_first,Prompt,1,0,0
6,T6_M16,577,Interleaved,Prompt,1,0,0
6,T6_M16,578,Human_first,Prompt,0,0,0
6,T6_M16,579,Interleaved,Prompt,0,0,1
6,T6_M16,580,AI_first,Prompt,1,0,1
6,T6_M17,581,Human_first,NoPrompt,0,0,0
6,T6_M17,582,Human_first,NoPrompt,0,1,1
6,T6_M17,583,AI_first,Prompt,0,0,0
6,T6_M17,584,AI_first,Prompt,1,0,1
6,T6_M17,585,AI_first,Prompt,0,0,0
6,T6_M18,586,AI_first,NoPrompt,1,0,0
6,T6_M18,587,Interleaved,NoPrompt,1,0,1
6,T6_M18,588,Interleaved,Prompt,1,1,1
6,T6_M18,589,AI_first,NoPrompt,1,0,0
6,T6_M18,590,AI_first,Prompt,1,1,0
6,T6_M19,591,Interleaved,Prompt,0,0,0
6,T6_M19,592,Human_first,Prompt,1,0,0
6,T6_M19,593,AI_first,NoPrompt,0,1,1
6,T6_M19,594,Human_first,NoPrompt,0,1,0
6,T6_M19,595,Interleaved,NoPrompt,0,0,0
6,T6_M20,596,Interleaved,Prompt,1,1,0
6,T6_M20,597,AI_first,Prompt,1,0,0
6,T6_M20,598,Interleaved,Prompt,0,1,0
6,T6_M20,599,Interleaved,Prompt,0,0,0
6,T6_M20,600,AI_first,NoPrompt,0,0,0
7,T7_M1,601,AI_first,Prompt,1,0,0
7,T7_M1,602,Human_first,NoPrompt,1,0,1
7,T7_M1,603,Human_first,NoPrompt,1,0,1
7,T7_M1,604,AI_first,NoPrompt,1,0,1
7,T7_M1,605,Interleaved,Prompt,0,1,0
7,T7_M2,606,Human_first,Prompt,0,0,0
7,T7_M2,607,Interleaved,Prompt,0,1,1
7,T7_M2,608,AI_first,Prompt,1,1,0
7,T7_M2,609,Interleaved,Prompt,1,0,0
7,T7_M2,610,Interleaved,NoPrompt,0,0,0
7,T7_M3,611,AI_first,Prompt,1,0,0
7,T7_M3,612,Human_first,NoPrompt,1,0,1
7,T7_M3,613,Human_first,NoPrompt,0,0,0
7,T7_M3,614,Interleaved,NoPrompt,1,0,0
7,T7_M3,615,Human_first,Prompt,1,0,0
7,T7_M4,616,AI_first,Prompt,1,1,1
7,T7_M4,617,AI_first,Prompt,1,0,1
7,T7_M4,618,Interleaved,NoPrompt,0,0,0
7,T7_M4,619,Human_first,NoPrompt,0,0,0
7,T7_M4,620,Interleaved,NoPrompt,0,0,1
7,T7_M5,621,Human_first,NoPrompt,0,0,0
7,T7_M5,622,Human_first,Prompt,0,1,0
7,T7_M5,623,Interleaved,Prompt,0,0,0
7,T7_M5,624,Human_first,Prompt,0,1,0
7,T7_M5,625,AI_first,NoPrompt,1,0,0
7,T7_M6,626,AI_first,Prompt,0,1,0
7,T7_M6,627,Human_first,Prompt,1,0,0
7,T7_M6,628,Interleaved,Prompt,0,0,0
7,T7_M6,629,Interleaved,Prompt,1,0,0
7,T7_M6,630,AI_first,Prompt,1,1,1
7,T7_M7,631,AI_first,NoPrompt,1,0,0
7,T7_M7,632,Interleaved,Prompt,1,0,0
7,T7_M7,633,Interleaved,NoPrompt,1,0,0
7,T7_M7,634,Human_first,Prompt,0,0,1
7,T7_M7,635,Human_first,Prompt,1,1,0
7,T7_M8,636,AI_first,NoPrompt,0,1,0
7,T7_M8,637,AI_first,Prompt,1,0,0
7,T7_M8,638,Interleaved,NoPrompt,1,0,0
7,T7_M8,639,AI_first,NoPrompt,1,0,1
7,T7_M8,640,Interleaved,Prompt,1,1,1
7,T7_M9,641,AI_first,NoPrompt,0,0,0
7,T7_M9,642,Human_first,NoPrompt,1,0,1
7,T7_M9,643,Interleaved,Prompt,1,0,1
7,T7_M9,644,AI_first,Prompt,1,0,0
7,T7_M9,645,AI_first,NoPrompt,0,0,0
7,T7_M10,646,Human_first,NoPrompt,0,0,1
7,T7_M10,647,Human_first,Prompt,0,0,0
7,T7_M10,648,AI_first,Prompt,1,0,0
7,T7_M10,649,Human_first,NoPrompt,0,0,0
7,T7_M10,650,Interleaved,NoPrompt,1,0,1
7,T7_M11,651,AI_first,Prompt,1,0,0
7,T7_M11,652,Interleaved,Prompt,0,0,0
7,T7_M11,653,Interleaved,NoPrompt,0,0,1
7,T7_M11,654,AI_first,Prompt,1,1,0
7,T7_M11,655,Interleaved,NoPrompt,0,0,0
7,T7_M12,656,Interleaved,NoPrompt,1,1,0
7,T7_M12,657,Interleaved,Prompt,1,0,1
7,T7_M12,658,Interleaved,NoPrompt,1,1,1
7,T7_M12,659,Human_first,NoPrompt,1,0,0
7,T7_M12,660,Human_first,NoPrompt,1,1,0
7,T7_M13,661,AI_first,Prompt,0,0,0
7,T7_M13,662,Human_first,Prompt,0,1,1
7,T7_M13,663,Human_first,NoPrompt,1,1,0
7,T7_M13,664,Human_first,Prompt,0,0,1
7,T7_M13,665,AI_first,Prompt,1,0,1
7,T7_M14,666,Human_first,Prompt,0,1,0
7,T7_M14,667,Interleaved,NoPrompt,1,0,1
7,T7_M14,668,AI_first,NoPrompt,0,0,0
7,T7_M14,669,Interleaved,NoPrompt,1,1,0
7,T7_M14,670,Interleaved,Prompt,1,1,1
7,T7_M15,671,AI_first,NoPrompt,1,0,0
7,T7_M15,672,Human_first,NoPrompt,0,0,0
7,T7_M15,673,AI_first,Prompt,1,1,1
7,T7_M15,674,AI_first,Prompt,0,0,1
7,T7_M15,675,Human_first,Prompt,1,0,0
7,T7_M16,676,Human_first,Prompt,1,0,0
7,T7_M16,677,AI_first,Prompt,0,0,0
7,T7_M16,678,AI_first,NoPrompt,0,1,1
7,T7_M16,679,AI_first,Prompt,0,0,0
7,T7_M16,680,Human_first,Prompt,0,0,0
7,T7_M17,681,AI_first,NoPrompt,1,0,0
7,T7_M17,682,Human_first,NoPrompt,1,1,1
7,T7_M17,683,Interleaved,NoPrompt,1,0,0
7,T7_M17,684,AI_first,Prompt,0,0,0
7,T7_M17,685,AI_first,NoPrompt,0,0,0
7,T7_M18,686,Human_first,Prompt,0,0,1
7,T7_M18,687,Interleaved,NoPrompt,1,0,1
7,T7_M18,688,Human_first,NoPrompt,0,0,0
7,T7_M18,689,AI_first,NoPrompt,0,1,0
7,T7_M18,690,AI_first,Prompt,0,1,0
7,T7_M19,691,Interleaved,Prompt,1,1,0
7,T7_M19,692,Human_first,Prompt,1,1,0
7,T7_M19,693,AI_first,Prompt,0,0,0
7,T7_M19,694,AI_first,Prompt,0,1,0
7,T7_M19,695,AI_first,NoPrompt,0,0,1
7,T7_M20,696,Interleaved,Prompt,0,0,0
7,T7_M20,697,Interleaved,NoPrompt,1,1,0
7,T7_M20,698,Interleaved,NoPrompt,1,1,0
7,T7_M20,699,Human_first,NoPrompt,0,0,1
7,T7_M20,700,Human_first,Prompt,0,1,1
8,T8_M1,701,Interleaved,NoPrompt,1,0,0
8,T8_M1,702,AI_first,NoPrompt,0,0,0
8,T8_M1,703,Interleaved,NoPrompt,1,0,1
8,T8_M1,704,Human_first,NoPrompt,0,0,0
8,T8_M1,705,AI_first,Prompt,1,0,0
8,T8_M2,706,AI_first,Prompt,0,1,1
8,T8_M2,707,Interleaved,NoPrompt,0,1,0
8,T8_M2,708,Human_first,Prompt,1,0,0
8,T8_M2,709,AI_first,Prompt,0,0,0
8,T8_M2,710,AI_first,Prompt,0,1,1
8,T8_M3,711,AI_first,Prompt,0,0,0
8,T8_M3,712,Human_first,Prompt,0,1,0
8,T8_M3,713,Human_first,Prompt,1,0,0
8,T8_M3,714,Interleaved,Prompt,1,0,1
8,T8_M3,715,Interleaved,Prompt,0,1,1
8,T8_M4,716,AI_first,NoPrompt,1,0,0
8,T8_M4,717,Interleaved,Prompt,1,0,0
8,T8_M4,718,Interleaved,NoPrompt,1,0,1
8,T8_M4,719,Interleaved,NoPrompt,1,0,1
8,T8_M4,720,Interleaved,Prompt,0,1,0
8,T8_M5,721,AI_first,NoPrompt,0,0,0
8,T8_M5,722,AI_first,NoPrompt,0,0,0
8,T8_M5,723,Human_first,NoPrompt,1,0,0
8,T8_M5,724,Interleaved,NoPrompt,0,0,0
8,T8_M5,725,AI_first,Prompt,1,1,0
8,T8_M6,726,Interleaved,Prompt,1,0,1
8,T8_M6,727,Human_first,Prompt,0,1,0
8,T8_M6,728,AI_first,NoPrompt,0,1,0
8,T8_M6,729,Human_first,Prompt,1,1,0
8,T8_M6,730,Interleaved,Prompt,0,0,0
8,T8_M7,731,AI_first,Prompt,0,0,0
8,T8_M7,732,Human_first,NoPrompt,1,0,0
8,T8_M7,733,Human_first,NoPrompt,0,0,0
8,T8_M7,734,Interleaved,Prompt,0,0,0
8,T8_M7,735,Human_first,Prompt,0,0,0
8,T8_M8,736,Human_first,Prompt,0,0,0
8,T8_M8,737,AI_first,Prompt,0,0,1
8,T8_M8,738,Human_first,Prompt,1,0,0
8,T8_M8,739,Human_first,NoPrompt,1,0,0
8,T8_M8,740,Interleaved,Prompt,0,1,0
8,T8_M9,741,AI_first,Prompt,1,1,0
8,T8_M9,742,Human_first,Prompt,0,1,0
8,T8_M9,743,Interleaved,Prompt,1,0,0
8,T8_M9,744,AI_first,Prompt,1,0,0
8,T8_M9,745,AI_first,Prompt,1,0,0
8,T8_M10,746,Interleaved,Prompt,1,0,1
8,T8_M10,747,Interleaved,Prompt,0,0,0
8,T8_M10,748,Interleaved,Prompt,0,0,0
8,T8_M10,749,Human_first,NoPrompt,1,1,1
8,T8_M10,750,Interleaved,NoPrompt,1,0,0
8,T8_M11,751,Human_first,NoPrompt,1,0,0
8,T8_M11,752,Interleaved,NoPrompt,0,1,1
8,T8_M11,753,AI_first,Prompt,0,0,1
8,T8_M11,754,AI_first,NoPrompt,1,0,0
8,T8_M11,755,Interleaved,Prompt,1,0,0
8,T8_M12,756,Interleaved,Prompt,1,0,0
8,T8_M12,757,Interleaved,NoPrompt,0,0,0
8,T8_M12,758,AI_first,Prompt,0,1,0
8,T8_M12,759,Interleaved,Prompt,0,1,0
8,T8_M12,760,Human_first,Prompt,0,0,0
8,T8_M13,761,AI_first,NoPrompt,1,0,0
8,T8_M13,762,Interleaved,NoPrompt,0,0,0
8,T8_M13,763,Human_first,Prompt,0,1,0
8,T8_M13,764,AI_first,Prompt,0,1,1
8,T8_M13,765,Human_first,NoPrompt,0,0,0
8,T8_M14,766,AI_first,Prompt,1,0,1
8,T8_M14,767,Interleaved,NoPrompt,0,0,1
8,T8_M14,768,Interleaved,NoPrompt,1,0,0
8,T8_M14,769,AI_first,Prompt,1,0,0
8,T8_M14,770,Interleaved,NoPrompt,0,0,0
8,T8_M15,771,Human_first,Prompt,1,0,0
8,T8_M15,772,AI_first,NoPrompt,0,0,1
8,T8_M15,773,Human_first,NoPrompt,0,0,0
8,T8_M15,774,AI_first,NoPrompt,1,0,0
8,T8_M15,775,Human_first,Prompt,0,0,1
8,T8_M16,776,Interleaved,Prompt,0,1,1
8,T8_M16,777,Interleaved,NoPrompt,0,0,0
8,T8_M16,778,Human_first,Prompt,0,0,0
8,T8_M16,779,Interleaved,Prompt,1,0,1
8,T8_M16,780,Interleaved,NoPrompt,1,0,0
8,T8_M17,781,Human_first,Prompt,1,1,1
8,T8_M17,782,AI_first,Prompt,1,1,1
8,T8_M17,783,Interleaved,Prompt,1,0,0
8,T8_M17,784,AI_first,NoPrompt,1,0,1
8,T8_M17,785,AI_first,NoPrompt,1,0,0
8,T8_M18,786,AI_first,Prompt,0,0,1
8,T8_M18,787,AI_first,Prompt,0,0,0
8,T8_M18,788,Human_first,Prompt,0,0,0
8,T8_M18,789,Human_first,NoPrompt,0,0,1
8,T8_M18,790,AI_first,Prompt,0,0,1
8,T8_M19,791,Interleaved,NoPrompt,1,0,0
8,T8_M19,792,Interleaved,Prompt,0,0,0
8,T8_M19,793,Human_first,NoPrompt,0,0,0
8,T8_M19,794,Interleaved,NoPrompt,0,0,0
8,T8_M19,795,AI_first,Prompt,0,1,1
8,T8_M20,796,Interleaved,NoPrompt,0,0,0
8,T8_M20,797,AI_first,NoPrompt,1,0,0
8,T8_M20,798,AI_first,Prompt,1,0,0
8,T8_M20,799,Interleaved,NoPrompt,0,1,1
8,T8_M20,800,AI_first,NoPrompt,1,0,0
